[
  {
    "name": "Galantský kultúrny večer",
    "event_type":["kult"],
    "audience":["sen","kid","any"],
    "place": ["out"],
    "date": {
      "start": "2025-06-15"
    },
    "organizers": ["gos"],
    "link": "https://galanta.sk/kultura",
    "places": ["Galanta - Námestie slobody"],
    "contestants": {"min": "Zadarmo", "max": "10€"},
    "short-info": "Hudobné vystúpenia, divadlo a ochutnávky regionálnych jedál.",
    "color": "#ff5733",
    "volatile": false,
    "cancelled": false
  },
  {
    "name": "IT Workshop pre mladých",
    "event_type":["vzd"],
    "audience":["any"],
    "place": ["in"],
    "date": {
      "start": "2025-03-10"
    },
    "organizers": ["msks"],
    "link": "https://itworkshop.sk/",
    "places": ["Galanta - Mestská knižnica"],
    "contestants": {"min": "ktokoľvek", "max": "ktokoľvek"},
    "short-info": "Praktické cvičenia v oblasti programovania a umelej inteligencie.",
    "color": "#4287f5",
    "volatile": false,
    "cancelled": false
  },
  {
    "name": "Beh zdravia Galanta",
    "event_type":["sport"],
    "audience":["kid"],
    "place": ["out"],
    "date": {
      "start": "2025-05-01"
    },
    "organizers": ["zus"],
    "link": "https://behzdravia.sk/",
    "places": ["Galanta - mestský park"],
    "contestants": {"min": "ktokoľvek", "max": "ktokoľvek"},
    "short-info": "5 km beh pre všetky vekové kategórie s medailami pre účastníkov.",
    "color": "#34a853",
    "volatile": false,
    "cancelled": false
  },
  {
    "name": "Debata kandidátov na primátora",
    "event_type":["pol"],
    "audience":["sen","any"],
    "place": ["in"],
    "date": {
      "start": "2025-09-20"
    },
    "organizers": ["zus"],
    "link": "https://galantadebata.sk/",
    "places": ["Galanta - Kultúrne centrum"],
    "contestants": {"min": "ktokoľvek", "max": "ktokoľvek"},
    "short-info": "Diskusia medzi kandidátmi na primátora mesta Galanta.",
    "color": "#ffcc00",
    "volatile": false,
    "cancelled": false
  },
  {
    "name": "Wellness deň v kúpeľoch",
    "event_type":["rek"],
    "audience":["kid","any"],
    "place": ["in"],
    "date": {
      "start": "2025-04-08"
    },
    "organizers": ["externy"],
    "link": "https://wellnessgalanta.sk/",
    "places": ["Galanta - Termálne kúpele"],
    "contestants": {"min": "ktokoľvek", "max": "ktokoľvek"},
    "short-info": "Celodenný vstup do kúpeľov so špeciálnymi procedúrami.",
    "color": "#6a0dad",
    "volatile": false,
    "cancelled": false
  },
  {
    "name": "Narodeninová oslava Petra",
    "event_type":["kult"],
    "audience":["sen","kid","any"],
    "place": ["in"],
    "date": {
      "start": "2025-07-12"
    },
    "organizers": ["externy"],
    "link": "",
    "places": ["Galanta - súkromný pozemok"],
    "contestants": {"min": "ktokoľvek", "max": "ktokoľvek"},
    "short-info": "Súkromná oslava s rodinou a priateľmi.",
    "color": "#ff6666",
    "volatile": false,
    "cancelled": false
  },
  {
    "name": "Galantský filmový festival",
    "event_type": ["kult"],
    "audience": ["sen", "any"],
    "place": ["in"],
    "date": {
      "start": "2025-11-05",
      "end": "2025-11-10"
    },
    "organizers": ["gos"],
    "link": "https://galantafilmfest.sk/",
    "places": ["Galanta - Kino Centrum"],
    "contestants": {"min": "5€", "max": "20€"},
    "short-info": "Prehliadka domácich a zahraničných filmov s diskusiami a workshopmi.",
    "color": "#e74c3c",
    "volatile": false,
    "cancelled": false
  },
  {
    "name": "Vianočné trhy v Galante",
    "event_type": ["kult"],
    "audience": ["sen", "kid", "any"],
    "place": ["out"],
    "date": {
      "start": "2025-12-01",
      "end": "2025-12-24"
    },
    "organizers": ["msks"],
    "link": "https://vianocegalanta.sk/",
    "places": ["Galanta - Hlavné námestie"],
    "contestants": {"min": "Zadarmo", "max": "10€"},
    "short-info": "Tradičné vianočné trhy s remeselnými výrobkami, jedlom a kultúrnym programom.",
    "color": "#27ae60",
    "volatile": false,
    "cancelled": false
  },
  {
    "name": "Letný hudobný festival",
    "event_type": ["kult"],
    "audience": ["any"],
    "place": ["out"],
    "date": {
      "start": "2025-07-20",
      "end": "2025-07-22"
    },
    "organizers": ["gos"],
    "link": "https://letohudba.sk/",
    "places": ["Galanta - Amfiteáter"],
    "contestants": {"min": "10€", "max": "50€"},
    "short-info": "Trojdenný festival s vystúpeniami domácich a zahraničných hudobných skupín.",
    "color": "#3498db",
    "volatile": false,
    "cancelled": false
  },
  {
    "name": "Galantský literárny večer",
    "event_type": ["vzd"],
    "audience": ["sen", "any"],
    "place": ["in"],
    "date": {
      "start": "2025-10-15"
    },
    "organizers": ["msks"],
    "link": "https://literarnyvecer.sk/",
    "places": ["Galanta - Mestská knižnica"],
    "contestants": {"min": "Zadarmo", "max": "5€"},
    "short-info": "Stretnutie s autormi, čítanie z kníh a diskusie o literatúre.",
    "color": "#9b59b6",
    "volatile": false,
    "cancelled": false
  },
  {
    "name": "Detský deň plný hier",
    "event_type": ["rek"],
    "audience": ["kid"],
    "place": ["out"],
    "date": {
      "start": "2025-06-01"
    },
    "organizers": ["zus"],
    "link": "https://detskyradost.sk/",
    "places": ["Galanta - Mestský park"],
    "contestants": {"min": "Zadarmo", "max": "5€"},
    "short-info": "Zábavný deň pre deti s rôznymi hrami, súťažami a atrakciami.",
    "color": "#f39c12",
    "volatile": false,
    "cancelled": false
  }
]
