[{"start_year": 2020, "end_year": 2021, "school_year": "2020/2021", "filename": "2020_21.json"}, {"start_year": 2019, "end_year": 2020, "school_year": "2019/2020", "filename": "2019_20.json"}, {"start_year": 2021, "end_year": 2022, "school_year": "2021/2022", "filename": "2021_22.json"}, {"start_year": 2023, "end_year": 2024, "school_year": "2023/2024", "filename": "2023_24.json"}, {"start_year": 2022, "end_year": 2023, "school_year": "2022/2023", "filename": "2022_23.json"}, {"start_year": 2024, "end_year": 2025, "school_year": "2024/2025", "filename": "2024_25.json"}]
