{
  "msks": {
    "name": "MsKS",
    "icon": "logos/msks.svg",
    "web": "https://p-mat.sk",
    "type": "statna",
    "info": "Mestské kultúrne stredisko (MsKS) v Galante je príspevkovou organizáciou mesta, zameranou na rozvoj kultúrno-spoločenského života. Organizuje a koordinuje rôzne kultúrne, spoločenské, výchovné a vzdelávacie podujatia pre občanov všetkých vekových kategórií. Sídlom MsKS je Dom kultúry na Mierovom námestí 942/3 v Galante. \u200B",
    "color": "#F68712"
  },
  "gos": {
    "name": "GOS",
    "icon": "logos/gos.svg",
    "web": "https://nucem.sk",
    "type": "statna"
  },
  "zus": {
    "name": "ZUŠ J. Haydna",
    "icon": "logos/zus.webp",
    "web": "https://sezam.sk",
    "info": "Základná umelecká škola Josepha Haydna v Galante poskytuje vzdelávanie v hudobnom odbore, zameranom na hru na rôznych nástrojoch a spev. Sídlom školy je Hlavná 1007/20, 924 01 Galanta. \u200B",
    "color": "#09BAE7",
    "type": "other"
  },
  "kniznica": {
    "name": "GA Knižnica",
    "icon": "logos/kniznica.svg",
    "web": "https://riesky.sk",
    "type": "oz",
    "info": "Galantská knižnica je univerzálna verejná knižnica poskytujúca bezplatný prístup k informáciám pre všetkých bez ohľadu na vek, národnosť či spoločenské postavenie. ",
    "color": "#000000"
  },
  "externy": {
    "name": "Externý organizátor",
    "web": "https://edub.sk",
    "icon": "logos/trojsten.svg",
    "type": "oz"
  },
  "iuventa": {
    "name": "Iuventa",
    "icon": "logos/iuventa.svg",
    "web": "https://iuventa.sk",
    "type": "statna"
  },
  "sovva": {
    "name": "SOVVA",
    "web": "https://sovva.sk",
    "icon": "logos/sovva.svg",
    "type": "oz"
  },
  "talentida": {
    "name": "Talent\u00edda",
    "web": "https://talentida.sk",
    "icon": "logos/talentida.svg",
    "type": "no"
  },
  "ksp-praha": {
    "name": "KSP - Koresponden\u010dn\u00ed Semin\u00e1\u0159 z Programov\u00e1n\u00ed",
    "icon": "logos/ksp-praha.svg",
    "web": "https://ksp.mff.cuni.cz/",
    "color": "#000",
    "type": "other"
  },
  "metalympiada": {
    "name": "Metalympi\u00e1da",
    "icon": "logos/metalympiada.svg",
    "web": "https://metalympiada.org/",
    "type": "other",
    "color": "#118282"
  },
  "kasiopea": {
    "name": "Kasiopea",
    "icon": "logos/kasiopea.svg",
    "web": "https://kasiopea.matfyz.cz/",
    "color": "#331c47",
    "type": "other"
  },
  "spmndag": {
    "name": "\u0160pMNDaG",
    "web": "https://spmndag.sk",
    "icon": "logos/spmndag.svg",
    "type": "skola"
  },
  "nivam": {
    "name": "Nivam",
    "icon": "logos/nivam.svg",
    "web": "https://nivam.sk",
    "type": "statna"
  },
  "gvoza": {
    "name": "Gymn\u00e1zium Ve\u013ek\u00e1 okru\u017en\u00e1 \u017dilina",
    "web": "https://gvoza.sk",
    "icon": "logos/gvoza.svg",
    "type": "skola"
  },
  "fykos": {
    "name": "FYKOS",
    "icon": "logos/fykos.svg",
    "web": "https://fykos.cz",
    "type": "other"
  },
  "matfyz": {
    "name": "FMFI UK",
    "icon": "logos/matfyz.svg",
    "web": "https://fmph.uniba.sk",
    "type": "skola"
  },
  "trojsten": {
    "name": "Trojsten",
    "icon": "logos/trojsten.svg",
    "web": "https://trojsten.sk",
    "type": "oz",
    "info": "Trojsten je ob\u010dianske zdru\u017eenie, ktor\u00e9 na Slovensku organizuje aktivity v matematike, fyzike a informatike pre \u0161tudentov z\u00e1kladn\u00fdch, no najm\u00e4 stredn\u00fdch \u0161k\u00f4l. \u010cas\u0165 aktiv\u00edt, s\u00fa\u0165a\u017ee N\u00e1boj sa podarilo \u00faspe\u0161ne expandova\u0165 za hranice Slovenska do \u010fal\u0161\u00edch jeden\u00e1stich kraj\u00edn a v s\u00fa\u010dastnosti sa ich z\u00fa\u010dast\u0148uje ka\u017ed\u00fd rok nieko\u013eko tis\u00edc \u00fa\u010dastn\u00edkov.",
    "color": "#1077C1"
  },
  "SSE": {
    "name": "SSE",
    "web": "https://skse.sk",
    "icon": "logos/sse.svg",
    "type": "oz"
  },
  "strom": {
    "name": "STROM",
    "icon": "logos/strom.svg",
    "web": "https://strom.sk",
    "type": "oz",
    "info": "Zdru\u017eenie STROM sa u\u017e dlh\u00e9 roky \u00faspe\u0161ne venuje tomu, aby sa v mysliach mlad\u00fdch \u013eud\u00ed ot\u00e1zka: \u201cNa \u010do mi to bude?\u201d neobjavovala ako s\u00fa\u010das\u0165 v\u00fdhovoriek, pre\u010do sa po\u010d\u00edtaniu \u00faloh alebo logick\u00fdm \u00favah\u00e1m nevenova\u0165, ale ako podnet k tomu, aby sa pok\u00fasili vedie\u0165 viac a pos\u00favali \u010falej svoje mo\u017enosti. Okrem kore\u0161ponden\u010dnej \u010dasti a s\u00fastreden\u00ed sa venuje organiz\u00e1cii \u0161kolsk\u00fdch minis\u00fastreden\u00ed, v\u00fdletov a jednod\u0148ov\u00fdch s\u00fa\u0165a\u017e\u00ed v Ko\u0161iciach.",
    "color": "#000000"
  },
  "siov": {
    "name": "\u0160IOV",
    "icon": "logos/siov.svg",
    "web": "https://siov.sk",
    "type": "statna"
  },
  "gjh": {
    "name": "GJH",
    "web": "https://gjh.sk",
    "icon": "logos/gjh.svg",
    "type": "skola"
  }
}